{
    "id": "vitamin_and_cofactor_metabolism",
    "name": "vitamin and cofactor metabolism",
    "pathway": "ubiquinone and other terpenoid-quinone biosynthesis",
    "data": {
        "CHEBI:17895": {
            "x": 992,
            "y": 324,
            "level": 1,
            "name": "L-Tyrosine",
            "alt": [
                "CHEBI:6313",
                "CHEBI:21411",
                "CHEBI:46070",
                "CHEBI:9800",
                "CHEBI:32786",
                "CHEBI:15277",
                "CHEBI:32761",
                "CHEBI:32784",
                "CHEBI:46161",
                "CHEBI:13181",
                "CHEBI:32760",
                "CHEBI:58315",
                "CHEBI:32762",
                "CHEBI:27176",
                "CHEBI:18186",
                "CHEBI:32785"
            ]
        },
        "CHEBI:30763": {
            "x": 1165,
            "y": 403,
            "level": 1,
            "name": "4-Hydroxybenzoate",
            "alt": [
                "CHEBI:20398",
                "CHEBI:44949",
                "CHEBI:1858",
                "CHEBI:20397",
                "CHEBI:17879",
                "CHEBI:12003"
            ]
        },
        "CHEBI:15499": {
            "x": 1358,
            "y": 307,
            "level": 1,
            "name": "p-Coumaroyl-CoA",
            "alt": [
                "CHEBI:1813",
                "CHEBI:20349",
                "CHEBI:11979",
                "CHEBI:85008",
                "CHEBI:85531",
                "CHEBI:57355"
            ]
        },
        "CHEBI:17333": {
            "x": 992,
            "y": 410,
            "level": 1,
            "name": "Chorismate",
            "alt": [
                "CHEBI:3677",
                "CHEBI:23227",
                "CHEBI:23225",
                "CHEBI:29748",
                "CHEBI:13993"
            ]
        },
        "CHEBI:17211": {
            "x": 1344.2038592345973,
            "y": 643.08092131171,
            "level": 1,
            "name": "Geranyl diphosphate",
            "alt": [
                "CHEBI:24223",
                "CHEBI:5332",
                "CHEBI:14299",
                "CHEBI:42877",
                "CHEBI:58057"
            ]
        },
        "CHEBI:48861": {
            "x": 1405.6666666666667,
            "y": 599.6666666666666,
            "level": 1,
            "name": "Geranylgeranyl diphosphate",
            "alt": [
                "CHEBI:5335",
                "CHEBI:42968",
                "CHEBI:19786",
                "CHEBI:14300",
                "CHEBI:57533",
                "CHEBI:58756",
                "CHEBI:24230",
                "CHEBI:15831"
            ]
        },
        "CHEBI:17976": {
            "x": 1165,
            "y": 533,
            "level": 1,
            "name": "Ubiquinol",
            "alt": [
                "CHEBI:27182",
                "CHEBI:15278",
                "CHEBI:9851"
            ]
        },
        "CHEBI:15669": {
            "x": 879,
            "y": 380,
            "level": 1,
            "name": "trans-Cinnamate",
            "alt": [
                "CHEBI:10955",
                "CHEBI:12871",
                "CHEBI:12879",
                "CHEBI:27072",
                "CHEBI:23248",
                "CHEBI:23250",
                "CHEBI:35699",
                "CHEBI:27386",
                "CHEBI:3710",
                "CHEBI:27073",
                "CHEBI:35697",
                "CHEBI:35700",
                "CHEBI:45845",
                "CHEBI:10720"
            ]
        },
        "CHEBI:16169": {
            "x": null,
            "y": null,
            "level": 1,
            "name": "Homogentisate",
            "alt": [
                "CHEBI:11452",
                "CHEBI:24615",
                "CHEBI:14410",
                "CHEBI:5755",
                "CHEBI:44744",
                "CHEBI:44747"
            ]
        },
        "CHEBI:32374": {
            "x": 1358,
            "y": 293,
            "level": 1,
            "name": "4-Coumarate",
            "alt": [
                "CHEBI:1812",
                "CHEBI:43108",
                "CHEBI:27061",
                "CHEBI:20348",
                "CHEBI:32373",
                "CHEBI:12007",
                "CHEBI:15796",
                "CHEBI:20405",
                "CHEBI:20347",
                "CHEBI:12876",
                "CHEBI:11978",
                "CHEBI:36090"
            ]
        },
        "CHEBI:16374": {
            "x": 1218,
            "y": 433,
            "level": 1,
            "name": "Menaquinone",
            "alt": [
                "CHEBI:6749",
                "CHEBI:25184",
                "CHEBI:14582"
            ]
        },
        "CHEBI:17582": {
            "x": 1088,
            "y": 371,
            "level": 1,
            "name": "Isochorismate",
            "alt": [
                "CHEBI:5997",
                "CHEBI:14464",
                "CHEBI:24883",
                "CHEBI:29780"
            ]
        },
        "CHEBI:15999": {
            "x": 992,
            "y": 363,
            "level": 1,
            "name": "3-(4-Hydroxyphenyl)pyruvate",
            "alt": [
                "CHEBI:1431",
                "CHEBI:42422",
                "CHEBI:20426",
                "CHEBI:36242",
                "CHEBI:20425",
                "CHEBI:12016",
                "CHEBI:11725",
                "CHEBI:594665",
                "CHEBI:11727"
            ]
        },
        "CHEBI:18067": {
            "x": 1252,
            "y": 433,
            "level": 1,
            "name": "Phylloquinone",
            "alt": [
                "CHEBI:8181",
                "CHEBI:45148",
                "CHEBI:26105",
                "CHEBI:14833",
                "CHEBI:11611",
                "CHEBI:94399"
            ]
        },
        "CHEBI:18145": {
            "x": 233,
            "y": 721,
            "level": 1,
            "name": "alpha-Tocopherol",
            "alt": [
                "CHEBI:10336",
                "CHEBI:46509",
                "CHEBI:12343",
                "CHEBI:22470"
            ]
        },
        "CHEBI:18185": {
            "x": 233,
            "y": 703,
            "level": 1,
            "name": "gamma-Tocopherol",
            "alt": [
                "CHEBI:12406",
                "CHEBI:24199",
                "CHEBI:10579"
            ]
        },
        "CHEBI:18325": {
            "x": 1147,
            "y": 371,
            "level": 1,
            "name": "2-Succinylbenzoate",
            "alt": [
                "CHEBI:1278",
                "CHEBI:19778",
                "CHEBI:12835",
                "CHEBI:44788",
                "CHEBI:37026",
                "CHEBI:44787"
            ]
        },
        "CHEBI:15500": {
            "x": null,
            "y": null,
            "level": 1,
            "name": "4-Hydroxybenzoyl-CoA",
            "alt": [
                "CHEBI:40998",
                "CHEBI:1859",
                "CHEBI:12004",
                "CHEBI:20399",
                "CHEBI:12005",
                "CHEBI:57356"
            ]
        },
        "CHEBI:15509": {
            "x": 1171,
            "y": 371,
            "level": 1,
            "name": "2-Succinylbenzoyl-CoA",
            "alt": [
                "CHEBI:19779",
                "CHEBI:1279",
                "CHEBI:12700",
                "CHEBI:12836",
                "CHEBI:57364"
            ]
        },
        "CHEBI:28433": {
            "x": 1252,
            "y": 408,
            "level": 1,
            "name": "Phylloquinol",
            "alt": [
                "CHEBI:10011",
                "CHEBI:27303"
            ]
        },
        "CHEBI:18094": {
            "x": 1218,
            "y": 371,
            "level": 1,
            "name": "1,4-Dihydroxy-2-naphthoate",